report_ID,candidate_ID,report_text,performance_level,performance_score,generated_report,explanation
1,1,"I struggled to meet campaign deadlines, and some posts went out with errors.",below-average,18,"Showed dedication to refining campaign messaging and prioritizing clarity and quality despite scheduling challenges. With stronger time management, impact could increase further.","The performance rating of 18 reflects a significant gap from role expectations. Frequent missed deadlines and errors in campaign posts indicate issues with attention to detail and time management. Substantial improvement is needed to meet the basic requirements of the role."
2,2,"I improved monthly reporting workflows and uncovered cost-saving opportunities that helped our budgeting efforts.",excellent,93,"Enhanced reporting workflows and identified cost-saving opportunities, improving budgeting accuracy and efficiency. Delivered insights that supported management decisions and demonstrated strong analytical skills.","A score of 93 reflects consistently strong performance marked by initiative, strategic thinking, and measurable impact on financial processes. The results show strong influence in the role and set a high standard."
3,3,"I delivered two major redesigns, though I acknowledge more user feedback could have been considered before final rollout.",average,70,"Led major redesign projects with strong execution and focus on design principles. Reflected on the need for more user feedback, laying a solid foundation for improved user experience.","Demonstrating strong design execution and initiative, this performance earned a score of 70. Key contributions included leading redesign projects and aligning work with design principles, while recognizing areas for improvement. The foundation is solid, with clear potential for further growth."
4,4,"I successfully led multiple cross-departmental projects on time and budget, resolving team blockers quickly.",excellent,92,"Successfully led cross-departmental projects on time and within budget. Removed blockers, facilitated collaboration, and ensured reliable delivery through structured leadership.","This performance demonstrates strong leadership and reliable execution, resulting in a score of 92. Cross-functional project success, schedule management, and clear communication supported business goals and showcased strong influence in the role."
5,5,"It was a tough quarter balancing incoming tickets. I responded as best I could, though I understand some delays occurred.",below-average,39,"Maintained commitment to assisting customers during a high-volume period, showing resilience and accountability. With improved workload balance, service standards could be elevated further.","While effort and resilience were noted, performance fell short in key areas. Inconsistencies and delays impacted results, highlighting the need for development and more reliable task execution."
6,6,"I created dashboards for multiple teams, but I could have done better at making the data insights easier to interpret.",average,65,"Developed dashboards that supported multiple teams, in line with responsibilities as a Data Analyst. While there was a need to make insights more digestible, the technical contributions facilitated broader data access and laid groundwork for improved decision-making. With additional focus on clarity and storytelling, Employee can enhance strategic impact.","Solid contributions to data access and transparency led to a competent performance. With stronger focus on clarity and storytelling, the strategic impact can be further enhanced.
"
7,7,"I consistently published well-performing articles and was proud of the engagement and search results we achieved.",excellent,87,"Consistently delivered high-performing, SEO-optimized content that contributed to engagement and visibility. Efforts supported campaign goals and ensured calendar consistency, demonstrating strong audience targeting and brand alignment. Engagement metrics confirm the effectiveness of the output, making Employee a valuable contributor to content strategy.","High-quality content delivery and alignment with brand goals supported this strong rating. The consistent execution positively influenced engagement and contributed to the overall content strategy.
"
8,8,"I proactively supported team members, resolving most IT issues quickly and created documentation for recurring problems.",excellent,98,"Provided prompt and effective IT support, demonstrating thorough knowledge and initiative. Proactive resolution of common issues and the creation of internal documentation elevated team efficiency. Service minimized downtime and improved user satisfaction, reflecting technical expertise and customer-focused problem-solving.","Exceptional technical support and proactive solutions led to a standout score of 98. The approach minimized downtime and improved team efficiency, reflecting strong influence and expertise.
"
9,9,"During my shift, I missed some security alerts because I was dealing with other urgent tasks. Since then, I’ve improved how I monitor for alerts.",below-average,32,"Successfully navigated competing priorities while managing security alerts in a high-pressure environment. Although some alerts were initially missed, adjustments improved monitoring practices and responsiveness. The role showed accountability and adaptability, with proactive steps that strengthened SOC operations and reliability.","Performance fell short due to missed alerts and task management issues, but recent improvements show adaptability and potential for more consistent results."
10,10,"I closed several key accounts this quarter and maintained strong client relationships, hitting nearly all my targets.",excellent,97,"Achieved a standout quarter by closing key accounts and sustaining client relationships. Nearly met all targets while building trust, reflecting strong negotiation and client management skills. Delivered persuasive presentations and secured high-value contracts, contributing directly to revenue growth.","A high-impact quarter marked by closing major deals and building client trust resulted in this excellent score. The work directly contributed to revenue growth and showcased strong strategic execution.
"
11,11,"I filled most of the target roles, though I admit communication slipped for a few applicants near the end of the cycle.",average,73,"Made solid progress in fulfilling target roles through candidate sourcing and pipeline management. While communication with a few applicants slipped near the end of the cycle, the focus remained on creating a positive candidate experience. Self-awareness and openness to improvement supported consistent recruitment outcomes, with room for greater impact through timely communication.","Demonstrated solid performance with strengths in sourcing and pipeline management. While some communication declined late in the cycle, efforts remained focused and results were consistent, showing clear potential for growth.
"
12,12,"I struggled to keep up with the documentation for the launches, and some parts took longer than expected to complete.",below-average,28,"Supported three major product launches with regulatory and user documentation. Although extra revision cycles delayed final delivery, commitment to compliance and accuracy remained strong. Adaptability and persistence ensured complete documentation sets that contributed to smoother product adoption.","Documentation output fell short of expectations due to delays and missed deadlines. While accuracy was maintained in parts, slower progress impacted overall delivery."
13,13,"I had trouble to keep events on track, had difficulty resolving some workplace issues, and parts of the onboarding process did not go as smoothly as planned - but I’m working on improving these areas.",below-average,16,"Delivered excellent performance in HR operations, particularly in onboarding, conflict resolution, and policy implementation. Constructive handling of employee relations was well received, while onboarding sessions provided a structured experience for new hires. Contributions strengthened team cohesion and compliance, positioning Employee as a trusted HR partner.","Performance did not meet expectations, especially in helping new employees settle in and feel welcome; both important for a smooth start and a strong team. Challenges in handling conflicts and organizing events also reduced overall impact."
14,14,"I kept operations smooth during renovations and made sure employees had everything they needed to stay productive.",excellent,95,"Ensured uninterrupted operations during office renovations through strong coordination and foresight. Anticipated team needs, aligned vendors, and prevented disruption, allowing colleagues to remain productive. Clear and dependable execution reinforced workplace comfort and operational stability.","Smooth coordination during operational changes and a proactive approach to team needs reflect strong leadership. The performance enabled continued productivity and contributed to workplace efficiency.
"
15,15,"While I worked closely with devs, I acknowledge customer feedback didn’t get integrated early enough in recent sprints.",average,83,"Coordinated effectively with development teams and maintained a structured product backlog. Customer feedback integration was delayed, limiting its influence on early sprint planning, yet leadership ensured clear product direction. Continued focus on user voice will strengthen product-market alignment.","Effective coordination of product teams and backlog management supported strategic clarity. Greater integration of user feedback will enhance future performance and product-market alignment.
"
16,16,"I fixed critical bugs fast but admit more robust testing could’ve prevented issues in our last release.",average,79,"Resolved high-priority issues quickly, playing a key role in maintaining functional, responsive web platforms. Recognized the need for more robust testing protocols, especially following the last release. Technical responsiveness supported cross-team collaboration and end-user satisfaction. Attention to critical bugs was effective, though preventive measures will enhance future outcomes. Remains a strong contributor to the dev cycle.","Handled critical issues effectively while supporting web platform stability. Further focus on preventive testing will increase reliability and long-term value.
"
17,17,"I provided new process proposals, though I recognize stakeholder alignment could’ve been stronger earlier on.",average,60,"Contributed helpful proposals for process improvement, staying true to the analytical role. Noted challenges in aligning stakeholders early, which impacted adoption. Insights still initiated valuable dialogue around optimization. Structured thinking supports long-term transformation. Proactive stakeholder engagement will further strengthen delivery.","The performance shows thoughtful contributions in process analysis, though stakeholder involvement remains an area for growth. Insightful suggestions point to potential for long-term impact.
"
18,18,"I launched multiple creative campaigns that saw great engagement and contributed to lead conversions.",excellent,97,"Led impactful email campaigns with high engagement and conversion rates. Segmentation strategies and creative direction aligned closely with marketing objectives. Displayed strong ownership over content timing and results. Work directly contributed to pipeline growth. Performance stands out for consistency and results-oriented focus.","Exceptional campaign execution and audience targeting drove high engagement and measurable outcomes. Strong ownership of timing and results contributed directly to pipeline success.
"
19,19,"I improved logistics visibility and reduced average shipping delays through new vendor reports.",excellent,96,"Optimized logistics through enhanced vendor reporting, effectively reducing shipping delays. Foresight in forecasting procurement needs allowed for smoother supply chain operations. Demonstrated analytical rigor and operational impact. Proactive measures improved visibility and efficiency across functions. Contributions strongly support ongoing logistics excellence.","Proactive logistics planning and supplier coordination significantly reduced delays and improved transparency. The work reflects operational excellence and strong cross-functional impact.
"
20,20,"I ran several training sessions, but I struggled to adapt my material to virtual environments as effectively as planned.",average,69,"Delivered multiple training sessions, supporting key learning initiatives across the company. Adapting content to virtual delivery formats proved challenging, but commitment to continuous learning and outcome assessment remained evident. Reflective approach signals readiness to improve and evolve. With enhanced digital facilitation strategies, impact can expand further.","Training delivery and learning support aligned well with role expectations. Adapting to digital formats was challenging, but commitment to improvement remained evident.
"
21,21,"I delivered several executive dashboards on time, though I had to rework a few based on stakeholder feedback.",average,61,"Delivered several timely dashboards tailored for executive use. While some initial visualizations required rework, responded constructively to stakeholder feedback. Attention to clarity and iteration improved decision-making tools across teams. Role in translating data into actionable formats is valuable. Continued refinement of stakeholder alignment will strengthen future outputs.","Dashboard delivery supported decision-making across teams, with clear responsiveness to feedback. While some early revisions were needed, the results show valuable contributions and room for growth in stakeholder alignment.
"
22,22,"I kept our CRM clean and integrated new fields for campaign tracking, but missed one deadline for an automation rule.",average,62,"Made notable progress in CRM maintenance and campaign support. Successfully integrated new fields to enhance campaign tracking and ensured ongoing data cleanliness. While one automation deadline was missed, attention to system integrity remained consistent. Reliability supported broader marketing initiatives. With improved timeline coordination, operational precision can be further boosted.","Demonstrated steady progress in CRM upkeep and campaign support. Although an automation deadline was missed, system accuracy and data integrity remained reliable, highlighting a solid performance with potential for refinement.
"
23,23,"I implemented new authentication flows and improved performance, but one endpoint required hotfixes post-launch.",average,69,"Delivered solid backend improvements, including enhanced authentication flows and performance optimizations. Though one endpoint required post-launch fixes, responded swiftly to ensure service continuity. Work contributed to scalable infrastructure and improved user experience. Commitment to backend reliability remains evident. With more pre-release validation, output can reach even higher consistency.","Backend improvements and quick recovery from a post-deployment issue reflect strong ownership. Performance was aligned with expectations and laid groundwork for further reliability gains.
"
24,24,"I released two major guides and updated legacy content. Some newer content took longer due to research needs.",excellent,95,"Produced high-impact content, publishing two major guides and revitalizing older resources. Work as a Technical Content Specialist elevated documentation quality and developer engagement. Though newer content took longer due to research depth, the result was comprehensive and user-friendly. Diligence and clarity made technical materials more accessible. Contributions reflect a high standard of excellence.","A standout performance driven by clear, accessible technical content and a strong commitment to quality. The work significantly enhanced developer engagement and raised documentation standards.
"
25,25,"I added over 100 new automated test cases and reduced test run time significantly.",excellent,96,"Delivered exceptional QA results by adding over 100 automated test cases and significantly reducing test duration. Thorough approach strengthened regression coverage and safeguarded release quality. Demonstrated precision and proactivity. Performance set a benchmark for testing excellence. Impact directly supports development confidence and product stability.","Consistently excellent QA execution, marked by automation gains and strengthened release confidence. This high-impact performance set a benchmark for testing reliability and precision.
"
26,26,"I responded quickly to Tier 2 issues, though I occasionally skipped documentation due to time pressure.",average,61,"Handled Tier 2 issues with speed and technical accuracy. While documentation occasionally lagged due to time constraints, troubleshooting remained effective. Contributions supported internal escalation processes and knowledge transfer. Responsiveness was valuable. Strengthening documentation habits will enhance long-term support efficiency.","Responsive troubleshooting and clear communication supported internal support processes. Documentation consistency remains an area for growth, but the core delivery was competent and valuable.
"
27,27,"I ran multiple design sprints and gathered user feedback, but one feature redesign was delayed.",average,66,"Led several design sprints and conducted thorough user feedback sessions. Despite a delay in one feature redesign, the process reflected strong alignment with user needs and team collaboration. The role as Product Designer was executed with attention to both vision and iteration. Designs supported usability improvements, and timelier delivery will amplify design influence.","Led user-centered design efforts with clarity and purpose. While one key delivery was delayed, the contribution to usability and product iteration reflects solid alignment with role expectations.
"
28,28,"I maintained scheduling flawlessly but had one miscommunication with an external vendor that caused confusion.",average,65,"Maintained executive scheduling with accuracy and consistency, ensuring leaders stayed aligned across meetings and deliverables. One vendor miscommunication caused a brief disruption, but corrective action was taken promptly. Organizational support remained reliable throughout, contributing to operational rhythm. Continued focus on external coordination will complete a strong performance profile.","Maintained structured support for executive operations with consistent reliability. A brief coordination issue was resolved quickly, showing strong initiative and commitment to improvement.
"
29,29,"I ensured great meeting hygiene and actionable notes, but struggled to follow up on overdue items in two projects.",average,68,"Ensured organized meetings and produced actionable notes, directly supporting project follow-through. While challenges arose with overdue item tracking, facilitation and structure helped teams maintain visibility. Attention to meeting hygiene improved alignment, and stronger follow-up routines will enhance overall impact. Brought valuable clarity to collaboration.","Meeting structure and clarity contributed meaningfully to project progress. Strengthening task follow-ups will elevate the overall impact, but the current performance remains solid.
"
30,30,"I overhauled our data ingestion pipelines, which improved reliability, though a few transformation jobs needed rework.",excellent,95,"Delivered major improvements to data infrastructure by overhauling ingestion pipelines. Updates boosted reliability and supported downstream analytics. Although a few transformation jobs needed refinement, they were addressed efficiently. The role upheld a strong standard for data consistency, underpinning trustworthy data access across teams.","This high rating reflects strong improvements to data infrastructure and consistent technical execution. Results enhanced data reliability across teams and demonstrated clear ownership of key systems.
"
31,31,"I mentored a junior teammate, which took time but helped team productivity long term.",excellent,98,"Mentored a junior colleague, investing time that improved overall team productivity. While mentorship reduced personal bandwidth temporarily, the long-term benefits were substantial. Balanced delivery with leadership, extending impact through knowledge sharing. Initiative strengthened team capability and cohesion.","A performance score of 98 reflects not only strong task execution, but also valuable mentoring that boosted overall team productivity. Balancing design responsibilities with knowledge sharing, this contribution had lasting impact.
"
32,32,"I mentored a junior teammate, which took time but helped team productivity long term.",excellent,91,"Demonstrated strong leadership as a Content Manager by mentoring a junior teammate and contributing to long-term productivity. Investment in knowledge transfer showed foresight and commitment to sustainable growth. While personal output decreased temporarily, the overall team benefit was significant. Maintained a high standard of collaboration and consistency, reflecting strategic thinking and support for development.","Scoring 91, this performance was marked by consistent delivery and effective leadership. Mentoring and strategic collaboration supported team development without compromising overall quality.
"
33,33,"I handled all assigned responsibilities effectively and even assisted others under pressure.",average,70,"Performed reliably in HR operations, effectively handling responsibilities and supporting colleagues under pressure. Willingness to assist beyond core duties highlighted flexibility and teamwork. While no major limitations were mentioned, continued focus on documentation and proactive communication could further strengthen impact. Provided dependable support throughout the quarter.","Met expectations with solid support in HR tasks and a flexible, team-focused mindset. Proactive communication and stronger documentation could raise long-term effectiveness.
"
34,34,"Although some bugs were found late, overall feature quality was high this cycle.",average,83,"Supported service quality effectively, though a few bugs were identified late in the cycle. Work still resulted in high overall feature quality, aligning with responsibilities as a Support Specialist. Responded well to emerging issues and maintained focus on user outcomes. Refining testing processes would further improve delivery.","A score of 83 highlights reliable execution and a strong user-centered focus. Addressing late-cycle errors through improved testing would further strengthen overall quality.
"
35,35,"Although some bugs were found late, overall feature quality was high this cycle.",excellent,91,"Maintained high standards in user interface design and cross-platform interaction. Although some bugs surfaced late, overall feature quality remained strong. Contributions supported intuitive user experience and product consistency. Proactive design efforts were well-received and met project expectations, underscoring thoughtful execution and growth.","With a 91 rating, this performance combined consistent design standards and cross-platform awareness. Contributions supported both usability and product consistency.
"
36,36,"It was a challenging quarter, but I kept communication strong and delivered the core features.",average,66,"Managed employee data and onboarding logistics effectively during a challenging quarter. Maintained strong communication and ensured delivery of critical features. Ability to navigate pressure while preserving clarity made a difference in outcomes. Met core expectations and kept processes moving, with potential for greater efficiency through automation or planning support.","Handled onboarding and data management with clarity during a complex quarter. With better planning and process automation, future efficiency could increase.
"
37,37,"It was a challenging quarter, but I kept communication strong and delivered the core features.",average,62,"Stayed committed to delivery during a demanding quarter, ensuring core features were completed and communication remained strong. Despite challenges, remained solution-focused and dependable. The role as UX Designer was upheld through coordination and follow-through. Continued improvement in stakeholder engagement would increase influence.","This performance reflects dependable implementation under pressure, with a focus on smooth UX delivery. Stakeholder alignment remains a key area for development.
"
38,38,"I completed most of my planned initiatives, though I struggled with stakeholder alignment during a sprint.",below-average,36,"Completed most initiatives as planned, though alignment among stakeholders proved difficult. The Support Specialist role required coordination and responsiveness; despite some gaps, effort and persistence were evident. Clearer communication strategies may help mitigate alignment issues in future sprints. Foundational work supported key processes and delivered value where needed.","At a score of 36, this performance fell short of expectations due to coordination gaps. Commitment was evident, but consistent task completion and clearer communication are needed.
"
39,39,"I handled all assigned responsibilities effectively and even assisted others under pressure.",average,79,"Fulfilled core tasks while stepping in to support peers, reflecting a strong team-oriented mindset. In the role of SEO Analyst, maintained consistency and adaptability. Contributions stabilized output during a busy quarter. With greater focus on cross-functional collaboration, effectiveness could be extended further. Balanced approach added value across the team.","Supported her team reliably while maintaining SEO standards, contributing to stable results. A stronger focus on cross-functional alignment could elevate future performance.
"
40,40,"I completed most of my planned initiatives, though I struggled with stakeholder alignment during a sprint.",excellent,85,"Executed planned initiatives effectively, though encountered challenges with stakeholder alignment during one sprint. Despite this, responsibilities as Business Analyst were carried out with diligence and foresight. Data management and onboarding support added stability to internal operations. Adaptability and structured planning were key strengths, with collaboration improvements offering further potential.","Earning a score of 85, this performance showed initiative and structured planning despite coordination challenges. Data reliability and onboarding support added value across teams.
"
41,41,"My deliverables were completed ahead of time and feedback from team leads was very positive.",excellent,97,"Delivered ahead of schedule, with work receiving strong feedback from team leads. Contributions to employee data management and process execution reflected precision and ownership. Maintained clarity and efficiency throughout, consistently exceeding expectations with a results-driven mindset.","This high score reflects a consistently precise and proactive performance, especially in managing employee data and supporting process execution. Exceeding expectations across tasks, this contribution had strong team-level impact.
"
42,42,"I introduced new ideas in team retrospectives, though not all were implemented.",average,80,"Shared new process suggestions during retrospectives, showing initiative and engagement. While not all ideas were implemented, the input contributed fresh perspectives and supported team reflection. Further alignment with implementation priorities could increase overall impact.","Demonstrated reliable performance with a constructive presence in team retrospectives. While not all suggestions were implemented, the initiative added value and supported team reflection.
"
43,43,"User satisfaction increased based on the new workflow I implemented.",below-average,47,"Implemented a new workflow that improved user satisfaction, a notable achievement in DevOps operations. Broader challenges affected delivery consistency, but initiative demonstrated clear potential. With structured follow-up and stronger monitoring, contributions could become more impactful.","Some strong individual efforts—particularly in improving user satisfaction—stood out despite broader performance inconsistencies. With clearer tracking and system oversight, future delivery could stabilize.
"
44,44,"It was a challenging quarter, but I kept communication strong and delivered the core features.",average,72,"Maintained strong communication and delivered key features despite a challenging quarter. Adaptability under pressure supported progress on deliverables. Balanced expectations and execution effectively. Refining prioritization could enhance efficiency further.","Maintained focus under pressure and showed adaptability across a demanding quarter. Prioritization improvements would further enhance delivery and impact.
"
45,45,"I completed most of my planned initiatives, though I struggled with stakeholder alignment during a sprint.",below-average,26,"Made progress on several initiatives but struggled with stakeholder coordination during sprint execution. Persistence added value, though misalignment affected delivery flow. With improved planning and collaboration, effectiveness could grow substantially.","Fell short of expectations due to coordination gaps, despite signs of persistence and foundational understanding. With structured planning and stakeholder support, future contributions could be more consistent.
"
46,46,"Although some bugs were found late, overall feature quality was high this cycle.",below-average,22,"Ensured overall feature quality remained strong, though some bugs appeared late in the cycle. Demonstrated commitment to delivery and valuable technical insight. Earlier validation and closer QA collaboration will support more consistent outcomes.","Performance challenges centered on timing and early validation. While technical strengths were evident, quality assurance issues limited consistency and reliability.
"
47,47,"I missed one key deadline due to miscommunication but made up for it by working overtime.",excellent,98,"Coordinated cross-functional teams effectively despite a missed deadline. Took responsibility and recovered quickly, strengthening product momentum. Responsiveness and accountability stood out, showing commendable leadership under pressure.","A performance rating of 98 highlights exceptional initiative and team coordination. Quick recovery from delays and leadership under pressure contributed to strong cross-functional momentum.
"
48,48,"I mentored a junior teammate, which took time but helped team productivity long term.",below-average,24,"Mentored a junior colleague, investing in long-term team productivity. While own deliverables were impacted, the benefit to team capability was clear. Structuring mentorship alongside performance goals could strengthen output.","Mentorship was commendable and supported long-term team growth. However, individual performance suffered, and aligning coaching efforts with output goals remains a priority.
"
49,49,"I missed one key deadline due to miscommunication but made up for it by working overtime.",below-average,36,"Experienced a missed deadline due to miscommunication but took ownership and worked overtime to recover. Maintained design commitments and demonstrated accountability. Clearer communication will further support reliability.","Missed deadlines and miscommunication were offset by accountability and extra effort to meet expectations. With stronger planning and clarity, reliability could increase.
"
50,50,"My deliverables were completed ahead of time and feedback from team leads was very positive.",below-average,17,"Completed deliverables ahead of schedule, earning positive leadership feedback. Despite a lower performance score, clear wins were achieved with efficiency and consistency. Clarifying expectations and metrics will improve evaluation context.","Despite positive feedback and timely task completion, this performance received a low overall score—suggesting a mismatch between delivery and evaluation criteria. Clearer alignment on expectations is needed moving forward.
"
51,51,"My deliverables were completed ahead of time and feedback from team leads was very positive.",excellent,95,"Exceeded expectations by finishing deliverables early and receiving strong feedback. Efficiency and interface enhancements strengthened user experience. Performance reflected excellent planning, follow-through, and user focus, making this a standout contribution.","A score of 95 reflects strong initiative, early task completion, and excellent user-focused improvements. This performance demonstrated reliability and had a clear impact on system quality.
"
52,52,"I mentored a junior teammate, which took time but helped team productivity long term.",average,72,"Took time to mentor a teammate, supporting long-term team growth while maintaining steady delivery. Balance between coaching and deadlines can further strengthen overall results. Demonstrated initiative and commitment to collaboration.","Balanced mentoring with core responsibilities while promoting team growth. Strong initiative was shown, though better deadline alignment could further enhance effectiveness.
"
53,53,"I missed one key deadline due to miscommunication but made up for it by working overtime.",excellent,91,"Missed a key deadline but showed accountability by working overtime to recover. Overall performance remained excellent, supported by a growth mindset and professionalism. Proactive planning will help avoid future issues.","Despite a missed deadline, this high score reflects consistent excellence and personal accountability. Recovery efforts and openness to feedback strengthened overall delivery.
"
54,54,"User satisfaction increased based on the new workflow I implemented.",average,77,"Introduced a new workflow that improved user satisfaction and strengthened infrastructure reliability. Process-oriented mindset and focus on user outcomes stood out, contributing meaningfully to operations.","Introduced impactful workflow improvements that elevated user satisfaction. A clear focus on infrastructure reliability supported consistent execution in a business analyst role.
"
55,55,"User satisfaction increased based on the new workflow I implemented.",below-average,45,"Implemented a workflow that improved user satisfaction despite broader challenges. Focus on user value was evident, and stronger alignment will support more consistent results. Motivation to contribute positively was clear.","Performance was uneven, though initiative in user experience improvements showed promise. With stronger coordination, results could become more consistent.
"
56,56,"I completed most of my planned initiatives, though I struggled with stakeholder alignment during a sprint.",below-average,46,"Completed most planned tasks, though stakeholder alignment issues affected momentum. Adaptability under pressure still enabled meaningful delivery. Improved coordination and refined communication will increase impact.","Some progress was made under pressure, but coordination issues limited impact. With better stakeholder alignment, future initiatives could gain momentum.
"
57,57,"I missed one key deadline due to miscommunication but made up for it by working overtime.",average,69,"Faced a deadline setback due to miscommunication but recovered through overtime effort. Determination ensured successful handoff of responsibilities. Accountability and dependability supported trust and delivery.","Demonstrated responsibility and resilience by recovering from delays and ensuring handover success. Trust and follow-through defined this competent performance.
"
58,58,"My deliverables were completed ahead of time and feedback from team leads was very positive.",excellent,94,"Exceeded expectations by finishing deliverables ahead of time and earning positive feedback. Strong performance in resolving customer issues reflected speed and quality. Proactive problem-solving and collaboration ensured consistent, commendable results.","A high score driven by strong problem-solving and proactive customer support. Efficient execution and collaboration ensured reliable product outcomes.
"
59,59,"I introduced new ideas in team retrospectives, though not all were implemented.",average,82,"Added thoughtful ideas in retrospectives, contributing value beyond direct responsibilities. Maintained solid customer service and engagement, showing willingness to support team development. Growth mindset was evident.","Contributed ideas beyond direct responsibilities while maintaining solid customer service. This reflects a commitment to team development and a growth mindset.
"
60,60,"I introduced new ideas in team retrospectives, though not all were implemented.",average,75,"Actively shared ideas for team improvement, sparking discussion and reflection. Commitment to team dynamic was clear, though greater alignment with execution priorities would enhance impact.","Added value during reviews and helped spark constructive discussions. With a stronger focus on implementation priorities, his contributions can have even greater impact.
"
61,61,"I missed one key deadline due to miscommunication but made up for it by working overtime.",below-average,29,"Encountered miscommunication that led to a missed deadline, but took initiative to make up for it through extra effort. Demonstrated resilience and responsibility, with dedication to follow-through clearly evident. While project planning can improve, response to setbacks was professional and growth-oriented.","Took ownership after a missed deadline, showing determination to improve. Project planning remains an area for development, though initiative was evident.
"
62,62,"I mentored a junior teammate, which took time but helped team productivity long term.",average,73,"Contributed to team growth by mentoring a junior colleague, supporting productivity despite personal time investment. Showed leadership and collaboration, with a team-oriented approach providing long-term benefit. Demonstrated maturity and commitment to shared success, remaining a steady presence within the team.","Mentorship and team orientation were strong in this performance. Although not all personal goals were met, the collaborative focus added long-term value.
"
63,63,"Several of my suggestions were implemented and led to performance improvements.",below-average,15,"Proposed several suggestions that were successfully implemented, improving team performance. Broader metrics reflected challenges, but ability to influence outcomes positively stood out. Showed initiative and an eye for improvement, with structured execution key to enhancing future contributions.","Performance was below expectations, but successful suggestions highlighted initiative. More structure and consistent delivery will help amplify her impact.
"
64,64,"I missed one key deadline due to miscommunication but made up for it by working overtime.",average,76,"Missed a key deadline due to miscommunication but recovered constructively by working overtime to complete tasks. Willingness to deliver under pressure reinforced reliability and adaptability. Continued growth in execution reflected ownership and persistence.","Recovered well from a deadline issue, showing ownership and resilience. Steady support under pressure contributed to reliable operations.
"
65,65,"User satisfaction increased based on the new workflow I implemented.",average,71,"Implemented a new workflow that improved user satisfaction, helping streamline processes and enhance experience. Showed initiative in process improvement and technical delivery. Proactive mindset supported smoother operations and consistent performance.","Implemented workflow changes that improved user satisfaction and aligned with process goals. Contributions were proactive and technically sound.
"
66,66,"I handled all assigned responsibilities effectively and even assisted others under pressure.",average,69,"Managed responsibilities effectively while assisting others during increased workload periods. Collaboration and dependability helped sustain operations and morale. Handled business needs with composure and consistency, demonstrating reliability as a team contributor.","Provided steady support and collaboration during a high-demand phase. Performance met expectations and showed consistency in core HR tasks.
"
67,67,"Although some bugs were found late, overall feature quality was high this cycle.",below-average,26,"Delivered high-quality features despite some bugs being discovered late. Recovery efforts and attention to detail preserved overall performance. Showed commitment to improving quality, with earlier testing recommended to reduce rework.","Delivered high-quality features despite late-cycle issues. Earlier testing and planning would strengthen consistency and reduce rework.
"
68,68,"I introduced new ideas in team retrospectives, though not all were implemented.",below-average,17,"Offered new ideas during retrospectives, supporting a culture of reflection and adaptation. Participation highlighted constructive engagement even if not all ideas were adopted. Initiative in shaping team processes was evident, with alignment to implementation strategy key for impact.","Showed initiative in process design and team reflection. Execution gaps remain, but her contributions supported a culture of improvement.
"
69,69,"It was a challenging quarter, but I kept communication strong and delivered the core features.",below-average,17,"Maintained strong communication and delivered core features despite a challenging quarter. Persistence under pressure supported service continuity. Proactive planning could have enhanced execution, but resilience and focus on clarity helped navigate challenges.","Faced a difficult quarter with persistence and clarity in communication. Stronger planning could improve consistency in delivery.
"
70,70,"My deliverables were completed ahead of time and feedback from team leads was very positive.",average,61,"Completed deliverables ahead of schedule and earned positive feedback. Analytical work contributed to system clarity and stakeholder satisfaction. Balanced speed and accuracy effectively, with a proactive attitude supporting reliability.","Completed tasks ahead of schedule and received positive feedback. Analytical work supported system transparency and stakeholder engagement.
"
71,71,"I missed one key deadline due to miscommunication but made up for it by working overtime.",excellent,91,"Took ownership after a missed deadline and worked overtime to recover, ensuring completion of key initiatives. Demonstrated responsibility and focus while contributing to client-facing improvements. Resilience and recovery mindset supported high standards despite setbacks.","A high-impact performance defined by resilience and responsibility. Taking ownership after a missed deadline, this employee maintained high standards and delivered valuable improvements in customer-focused processes.
"
72,72,"Several of my suggestions were implemented and led to performance improvements.",excellent,99,"Provided valuable suggestions, several of which were implemented with measurable impact. Contributions went beyond daily responsibilities, reflecting initiative and strategic awareness. Input enhanced performance and team alignment through thoughtful execution.","A top-tier score reflects consistently strategic and effective contributions. The work went beyond expectations, with implemented suggestions that strengthened team performance and coordination.
"
73,73,"It was a challenging quarter, but I kept communication strong and delivered the core features.",average,70,"Demonstrated steady performance during a challenging quarter, maintaining communication and completing key tasks. Efforts in managing data and supporting transitions ensured continuity. Consistency under pressure supported stability, with coordination improvements unlocking further efficiency.","Met expectations under pressure, ensuring continuity in team operations. Coordination improvements could enhance efficiency, but consistency and reliability were evident.
"
74,74,"I mentored a junior teammate, which took time but helped team productivity long term.",average,67,"Prioritized mentorship while maintaining responsibilities, supporting junior development and long-term productivity. Contributions fostered collaboration and sustainable growth, even if immediate output decreased. Leadership and focus on learning created value beyond direct tasks.","Supported team development and delivered on core tasks despite increased workload. Leadership and a growth-oriented mindset created value beyond immediate goals.
"
75,75,"I handled all assigned responsibilities effectively and even assisted others under pressure.",below-average,13,"Executed responsibilities effectively and supported others when needed. Despite a lower rating, commitment to team support and adaptability was clear. Strengthening process clarity could further improve outcomes. Contributed steadily with team focus.","Performance fell short overall, but team support and reliability were clear strengths. Better process clarity would support more consistent delivery.
"
76,76,"I missed one key deadline due to miscommunication but made up for it by working overtime.",below-average,15,"Encountered a deadline challenge due to miscommunication but worked overtime to recover progress. Accountability and follow-through demonstrated responsiveness and commitment. Streamlined communication will help prevent future issues.","Demonstrated determination by recovering from a missed deadline. Stronger communication and planning are needed to ensure sustainable performance.
"
77,77,"User satisfaction increased based on the new workflow I implemented.",excellent,94,"Introduced a new workflow that improved user satisfaction through proactive issue resolution and escalation. Maintained high service standards and contributed directly to visible performance gains. Efforts were timely and user-focused.","Proactive problem solving and service focus resulted in a strong score. Introduced impactful workflows and maintained high-quality standards in support delivery.
"
78,78,"I handled all assigned responsibilities effectively and even assisted others under pressure.",below-average,18,"Fulfilled assigned responsibilities while assisting peers when needed, providing essential cross-functional support. Despite a lower rating, reliability and collaboration were evident. Focus on strategic alignment would strengthen impact. Engagement and helpfulness remained consistent.","Provided essential team support despite a lower score. Contributions showed reliability, with future improvements tied to strategic alignment.
"
79,79,"It was a challenging quarter, but I kept communication strong and delivered the core features.",average,76,"Faced a demanding quarter but maintained communication and delivered expected outcomes. Supported SEO improvements and visibility with steady execution. Greater proactive planning could expand influence, though consistency anchored team output.","Consistent delivery during a demanding quarter helped maintain performance. More proactive planning would extend influence further.
"
80,80,"Several of my suggestions were implemented and led to performance improvements.",average,69,"Proposed several improvements that were implemented, resulting in positive performance shifts. Contributions to content management reflected initiative and thoughtful iteration. Proactive mindset supported usability and structure, adding strategic value through collaborative problem-solving.","Suggested and implemented improvements that enhanced usability. Demonstrated initiative in content management, with room to deepen strategic execution.
"
81,81,"My deliverables were completed ahead of time and feedback from team leads was very positive.",below-average,55,"Completed deliverables ahead of schedule and earned praise from leadership. Reliability as a UX Designer strengthened onboarding and employee support. Output met quality and timeliness expectations, demonstrating consistency and professionalism. Results reflect dedication.","Despite a lower score, this performance featured reliability, timeliness, and quiet consistency in UX support. Further development would improve stability.
"
82,82,"Although some bugs were found late, overall feature quality was high this cycle.",below-average,31,"Maintained solid feature quality despite a few late-discovered bugs. Support efforts aligned with business requirements and usability. Recovered well under pressure and took ownership of results. Better pre-release testing would elevate performance further.","Functional quality was evident, though late-cycle issues impacted the overall result. Responded well under pressure, indicating potential with stronger QA.
"
83,83,"Several of my suggestions were implemented and led to performance improvements.",excellent,97,"Implemented valuable suggestions that improved performance outcomes across the board. Contributions reflected insight and foresight, with a solution-oriented and responsive approach. Impact was both technical and team-focused, demonstrating expertise and initiative.","A standout performance showing initiative, responsiveness, and technical foresight. This DevOps contribution delivered broad impact across both systems and teams.
"
84,84,"User satisfaction increased based on the new workflow I implemented.",below-average,24,"Rolled out a workflow that improved user satisfaction despite broader challenges. Content management benefited from focus on structure and improvement. Refining planning and communication will amplify outcomes. Direction was constructive and impact-oriented.","Performance was mixed, but positive user-facing changes were introduced. Planning and communication refinements are needed to strengthen consistency.
"
85,85,"I introduced new ideas in team retrospectives, though not all were implemented.",excellent,93,"Offered thoughtful input during retrospectives, driving team reflection and improvement. Not all suggestions were adopted, but contributions fostered discussion. Balanced delivery with strategic input and maintained clarity in execution.","Provided valuable input in reviews and helped guide team reflection. Balanced hands-on contributions with thoughtful process improvement.
"
86,86,"Although some bugs were found late, overall feature quality was high this cycle.",excellent,85,"Upheld service quality despite discovery of late-stage bugs. Recovery efforts and responsiveness supported end users and internal teams. Diligence sustained reliability, with clear attention to improvement and quality.","Maintained high service quality despite late-stage issues, demonstrating diligence and attention to reliability. Performance reflects commitment and consistent support in HR operations.
"
87,87,"I missed one key deadline due to miscommunication but made up for it by working overtime.",excellent,88,"Recovered from a missed deadline by working overtime and meeting expectations. Accountability and time management reflected ownership. Maintained accuracy and communication throughout, with stable performance and dependable contributions.","Recovered from a missed deadline with strong time management and accountability. Delivered accurate, consistent results and maintained strong communication.
"
88,88,"I missed one key deadline due to miscommunication but made up for it by working overtime.",average,81,"Experienced a delay due to miscommunication but responded constructively. Completed tasks and supported delivery with professionalism. Contributed to predictive modeling and data structuring, with coordination improvements needed for workflow reliability.","Faced a delivery delay but remained constructive and professional. Contributions to predictive modeling and team reliability were valuable.
"
89,89,"I mentored a junior teammate, which took time but helped team productivity long term.",average,79,"Mentored a junior teammate, contributing to skill development and cohesion. Balance between mentorship and personal deliverables was well managed. Leadership supported long-term productivity and demonstrated maturity and dedication.","Mentored a teammate while delivering consistent results. The impact extended beyond core duties, contributing to team cohesion and growth.
"
90,90,"I handled all assigned responsibilities effectively and even assisted others under pressure.",average,68,"Demonstrated reliability in addressing customer concerns and supporting teammates when needed. Executed tasks effectively while assisting under pressure, ensuring smooth ticket escalations. Professional demeanor supported strong team dynamics.","Handled customer issues reliably while supporting teammates under pressure. The performance was steady and cooperative, with room to refine for even greater impact.
"
91,91,"It was a challenging quarter, but I kept communication strong and delivered the core features.",average,69,"Maintained communication and follow-through during a challenging quarter. Despite operational hurdles, responsibilities were met with consistent stakeholder collaboration. Delivery standards were upheld, though cross-functional processes could be streamlined further.","Despite a challenging quarter, this performance met expectations through strong communication and task completion. Delivery standards were upheld under pressure, with opportunities remaining in cross-functional collaboration. Overall, the results show reliable execution and growth potential.
"
92,92,"Several of my suggestions were implemented and led to performance improvements.",excellent,97,"Contributed valuable suggestions that improved product experience. Ability to align teams during development cycles demonstrated initiative and collaboration. Performance reflected thought leadership and design strategy impact.","This high score reflects strategic contributions that improved the product experience and aligned teams during development. A proactive and collaborative mindset strengthened delivery outcomes. The performance showcases leadership and clear influence across functions.
"
93,93,"Although some bugs were found late, overall feature quality was high this cycle.",excellent,98,"Delivered high-quality client-facing features despite late-stage bug discovery. Commitment to quality and ownership of product outcomes built stakeholder trust. Process awareness supported continued excellence.","Maintaining customer focus despite setbacks, this performance demonstrated excellence and strong ownership. The results reflected trust from stakeholders and sustained quality delivery. Leadership and process awareness were consistently evident.
"
94,94,"Several of my suggestions were implemented and led to performance improvements.",excellent,97,"Produced meaningful client-side enhancements through identifying improvements and applying technical fluency. Focus on user needs drove a productive cycle and well-received high-quality output.","Driving customer-side improvements and identifying key opportunities for optimization marked this outstanding contribution. Technical expertise and user focus shaped a productive cycle. Performance remained consistently high and influential.
"
95,95,"It was a challenging quarter, but I kept communication strong and delivered the core features.",excellent,91,"Remained resilient during a demanding period, ensuring communication and delivery of core systems. Calm and solutions-focused approach enhanced stability and trust within the infrastructure team. Results demonstrated adaptability and consistency.","Steady leadership during a challenging period contributed to trust and system stability. Communication and reliability were strong throughout, supporting seamless infrastructure operations. The performance underscores resilience and clear technical consistency.
"
96,96,"I missed one key deadline due to miscommunication but made up for it by working overtime.",below-average,34,"Faced coordination challenges and missed a key deadline but recovered through extended efforts. Demonstrated commitment to delivering value. Refinement of stakeholder management will elevate impact further.","While this performance faced setbacks, additional effort showed commitment to delivery. Coordination challenges and a missed deadline impacted results. Targeted development and improved stakeholder management will enhance future consistency.
"
97,97,"I completed most of my planned initiatives, though I struggled with stakeholder alignment during a sprint.",below-average,43,"Met most planned objectives but struggled with alignment across stakeholder groups. Completed essential tasks with commitment, though stronger anticipation of team needs would improve efficiency.","Despite reaching several goals, coordination difficulties limited overall efficiency. The employee remained committed, though anticipating team needs more effectively will increase impact. Performance indicates areas where structured improvement is needed.
"
98,98,"User satisfaction increased based on the new workflow I implemented.",excellent,97,"Refined workflow structures, leading to measurable improvements in user satisfaction. Proactiveness and dedication to content management stood out, reflecting strong understanding of engagement strategies.","Proactive workflow optimization led to measurable gains in user satisfaction. A deep understanding of content and retention strategies drove this high-impact performance. The results reflect strategic thinking and influence across the team.
"
99,99,"I missed one key deadline due to miscommunication but made up for it by working overtime.",below-average,31,"Encountered a delivery setback due to miscommunication but took accountability and recovered timeline with extra effort. Resilience was appreciated, with communication refinement needed for consistency.","Following a major setback, the employee showed accountability and worked to meet expectations. Communication gaps contributed to delivery inconsistency. With clearer alignment and support, future performance can improve.
"
100,100,"Several of my suggestions were implemented and led to performance improvements.",below-average,47,"Contributed suggestions that supported performance gains despite challenges in other areas. Input influenced design decisions constructively. Engagement showed potential, with room for growth in output quality.","Although the rating was below expectations, valuable suggestions helped shape stronger design outcomes. The employee's input showed potential, but execution and consistency remain development areas. Ongoing support could unlock more reliable performance.
"
