candidate_ID,name,position_ID
1,Employee1,1
2,Employee2,2
3,Employee3,3
4,Employee4,4
5,Employee5,5
6,Employee6,6
7,Employee7,7
8,Employee8,8
9,Employee9,9
10,Employee10,10
11,Employee11,11
12,Employee12,12
13,Employee13,13
14,Employee14,14
15,Employee15,15
16,Employee16,16
17,Employee17,17
18,Employee18,18
19,Employee19,19
20,Employee20,20
21,Employee21,21
22,Employee22,22
23,Employee23,23
24,Employee24,24
25,Employee25,25
26,Employee26,26
27,Employee27,27
28,Employee28,28
29,Employee29,29
30,Employee30,30
31,Employee31,31
32,Employee32,32
33,Employee33,33
34,Employee34,34
35,Employee35,35
36,Employee36,36
37,Employee37,31
38,Employee38,37
39,Employee39,38
40,Employee40,39
41,Employee41,36
42,Employee42,31
43,Employee43,40
44,Employee44,41
45,Employee45,42
46,Employee46,43
47,Employee47,44
48,Employee48,45
49,Employee49,46
50,Employee50,47
51,Employee51,48
52,Employee52,49
53,Employee53,50
54,Employee54,51
55,Employee55,52
56,Employee56,53
57,Employee57,46
58,Employee58,54
59,Employee59,55
60,Employee60,49
61,Employee61,41
62,Employee62,56
63,Employee63,57
64,Employee64,58
65,Employee65,51
66,Employee66,59
67,Employee67,60
68,Employee68,42
69,Employee69,61
70,Employee70,47
71,Employee71,62
72,Employee72,63
73,Employee73,64
74,Employee74,65
75,Employee75,66
76,Employee76,52
77,Employee77,55
78,Employee78,43
79,Employee79,41
80,Employee80,67
81,Employee81,46
82,Employee82,47
83,Employee83,68
84,Employee84,65
85,Employee85,57
86,Employee86,69
87,Employee87,57
88,Employee88,70
89,Employee89,71
90,Employee90,72
91,Employee91,67
92,Employee92,73
93,Employee93,74
94,Employee94,75
95,Employee95,76
96,Employee96,66
97,Employee97,37
98,Employee98,49
99,Employee99,69
100,Employee100,77
